wavelength,jRGECO1a (calcium saturated) 2p,jRGECO1a (calcium saturated) ex,jRGECO1a (calcium saturated) em,jRGECO1a (calcium free) 2p,jRGECO1a (calcium free) ex,jRGECO1a (calcium free) em,jRGECO1a (calcium saturated) ab
253,,,,,,,0.6442999839782715
254,,,,,,,0.652999997138977
255,,,,,,,0.6680999994277954
256,,,,,,,0.6847000122070312
257,,,,,,,0.6974999904632568
258,,,,,,,0.7092999815940857
259,,,,,,,0.7332000136375427
260,,,,,,,0.7598000168800354
261,,,,,,,0.7771999835968018
262,,,,,,,0.7947999835014343
263,,,,,,,0.8130999803543091
264,,,,,,,0.8356000185012817
265,,,,,,,0.8564000129699707
266,,,,,,,0.8704000115394592
267,,,,,,,0.8876000046730042
268,,,,,,,0.9096999764442444
269,,,,,,,0.9283000230789185
270,,,,,,,0.9429000020027161
271,,,,,,,0.9546999931335449
272,,,,,,,0.9660000205039978
273,,,,,,,0.9779999852180481
274,,,,,,,0.987500011920929
275,,,,,,,0.9936000108718872
276,,,,,,,0.9976000189781189
277,,,,,,,1.0
278,,,,,,,0.9998000264167786
279,,,,,,,0.998199999332428
280,,,,,,,0.9948999881744385
281,,,,,,,0.9889000058174133
282,,,,,,,0.9785000085830688
283,,,,,,,0.9607999920845032
284,,,,,,,0.9254000186920166
285,,,,,,,0.8776999711990356
286,,,,,,,0.8276000022888184
287,,,,,,,0.7828999757766724
288,,,,,,,0.741599977016449
289,,,,,,,0.680899977684021
290,,,,,,,0.6269000172615051
291,,,,,,,0.5910000205039978
292,,,,,,,0.5418999791145325
293,,,,,,,0.48969998955726624
294,,,,,,,0.4424000084400177
295,,,,,,,0.39239999651908875
296,,,,,,,0.3407999873161316
297,,,,,,,0.28679999709129333
298,,,,,,,0.2363000065088272
299,,,,,,,0.20200000703334808
300,,,,,,,0.17640000581741333
301,,,,,,,0.14079999923706055
302,,,,,,,0.11240000277757645
303,,,,,,,0.10140000283718109
304,,,,,,,0.09319999814033508
305,,,,,,,0.07930000126361847
306,,,,,,,0.066600002348423
307,,,,,,,0.06279999762773514
308,,,,,,,0.06109999865293503
309,,,,,,,0.06019999831914902
310,,,,,,,0.05939999967813492
311,,,,,,,0.05939999967813492
312,,,,,,,0.05939999967813492
313,,,,,,,0.05979999899864197
314,,,,,,,0.061900001019239426
315,,,,,,,0.06430000066757202
316,,,,,,,0.06620000302791595
317,,,,,,,0.06800000369548798
318,,,,,,,0.06939999759197235
319,,,,,,,0.07029999792575836
320,,,,,,,0.07180000096559525
321,,,,,,,0.07360000163316727
322,,,,,,,0.07479999959468842
323,,,,,,,0.07509999722242355
324,,,,,,,0.07509999722242355
325,,,,,,,0.07660000026226044
326,,,,,,,0.07840000092983246
327,,,,,,,0.08100000023841858
328,,,,,,,0.08370000123977661
329,,,,,,,0.08550000190734863
330,,,,,,,0.08910000324249268
331,,,,,,,0.09359999746084213
332,,,,,,,0.09799999743700027
333,,,,,,,0.10100000351667404
334,,,,,,,0.1039000004529953
335,,,,,,,0.1071000024676323
336,,,,,,,0.10980000346899033
337,,,,,,,0.11150000244379044
338,,,,,,,0.1096000000834465
339,,,,,,,0.10490000247955322
340,,,,,,,0.09839999675750732
341,,,,,,,0.093299999833107
342,,,,,,,0.08969999849796295
343,,,,,,,0.08649999648332596
344,,,,,,,0.08380000293254852
345,,,,,,,0.08169999718666077
346,,,,,,,0.07850000262260437
347,,,,,,,0.07339999824762344
348,,,,,,,0.06949999928474426
349,,,,,,,0.066600002348423
350,,0.1965000033378601,,,0.17599999904632568,,0.06469999998807907
351,,0.1859000027179718,,,0.1695999950170517,,0.06289999932050705
352,,0.17520000040531158,,,0.16380000114440918,,0.06019999831914902
353,,0.16439999639987946,,,0.15950000286102295,,0.058400001376867294
354,,0.15369999408721924,,,0.15690000355243683,,0.05660000070929527
355,,0.14380000531673431,,,0.15389999747276306,,0.05389999970793724
356,,0.13539999723434448,,,0.1500999927520752,,0.05139999836683273
357,,0.12860000133514404,,,0.14659999310970306,,0.050599999725818634
358,,0.12189999967813492,,,0.1451999992132187,,0.050599999725818634
359,,0.11509999632835388,,,0.14409999549388885,,0.050599999725818634
360,,0.10920000076293945,,,0.14259999990463257,,0.050599999725818634
361,,0.10459999740123749,,,0.14180000126361847,,0.050599999725818634
362,,0.10029999911785126,,,0.14239999651908875,,0.0502999983727932
363,,0.09589999914169312,,,0.14219999313354492,,0.048900000751018524
364,,0.09210000187158585,,,0.14069999754428864,,0.04749999940395355
365,,0.08959999680519104,,,0.13940000534057617,,0.0471000000834465
366,,0.08810000121593475,,,0.14000000059604645,,0.0471000000834465
367,,0.0869000032544136,,,0.14110000431537628,,0.0471000000834465
368,,0.08540000021457672,,,0.14100000262260437,,0.0471000000834465
369,,0.08269999921321869,,,0.13840000331401825,,0.0471000000834465
370,,0.07940000295639038,,,0.13539999723434448,,0.0471000000834465
371,,0.07689999788999557,,,0.13289999961853027,,0.0471000000834465
372,,0.07580000162124634,,,0.13130000233650208,,0.0471000000834465
373,,0.07479999959468842,,,0.13130000233650208,,0.04800000041723251
374,,0.07249999791383743,,,0.13220000267028809,,0.048900000751018524
375,,0.07010000199079514,,,0.13089999556541443,,0.048900000751018524
376,,0.06780000030994415,,,0.12780000269412994,,0.048900000751018524
377,,0.06650000065565109,,,0.12549999356269836,,0.048900000751018524
378,,0.0649000033736229,,,0.12479999661445618,,0.04899999871850014
379,,0.06289999932050705,,,0.12309999763965607,,0.049800001084804535
380,,0.060499999672174454,,,0.12070000171661377,,0.04960000142455101
381,,0.05790000036358833,,,0.11860000342130661,,0.048900000751018524
382,,0.05559999868273735,,,0.11760000139474869,,0.04859999939799309
383,,0.053199999034404755,,,0.11599999666213989,,0.04769999906420708
384,,0.05090000107884407,,,0.11460000276565552,,0.0471000000834465
385,,0.04830000177025795,,,0.11339999735355377,,0.0471000000834465
386,,0.04610000178217888,,,0.11240000277757645,,0.0471000000834465
387,,0.04390000179409981,,,0.11140000075101852,,0.0471000000834465
388,,0.04170000180602074,,,0.11100000143051147,,0.0471000000834465
389,,0.03909999877214432,,,0.11029999703168869,,0.0471000000834465
390,,0.03660000115633011,,,0.10909999907016754,,0.0471000000834465
391,,0.033799998462200165,,,0.10790000110864639,,0.0471000000834465
392,,0.031300000846385956,,,0.1071000024676323,,0.0471000000834465
393,,0.02889999933540821,,,0.10559999942779541,,0.0471000000834465
394,,0.026799999177455902,,,0.1046999990940094,,0.0471000000834465
395,,0.02500000037252903,,,0.10409999638795853,,0.046300001442432404
396,,0.02290000021457672,,,0.10379999876022339,,0.04540000110864639
397,,0.02070000022649765,,,0.10329999774694443,,0.04540000110864639
398,,0.019200000911951065,,,0.10300000011920929,,0.046300001442432404
399,,0.01850000023841858,,,0.10199999809265137,,0.04619999974966049
400,,0.01759999990463257,,,0.10050000250339508,,0.04560000076889992
401,,0.016499999910593033,,,0.0989999994635582,,0.04740000143647194
402,,0.015300000086426735,,,0.0982000008225441,,0.048900000751018524
403,,0.014299999922513962,,,0.09799999743700027,,0.048900000751018524
404,,0.01360000018030405,,,0.09839999675750732,,0.048700001090765
405,,0.013100000098347664,,,0.09790000319480896,,0.04769999906420708
406,,0.012600000016391277,,,0.09780000150203705,,0.0471000000834465
407,,0.012400000356137753,,,0.09780000150203705,,0.04749999940395355
408,,0.012299999594688416,,,0.09849999845027924,,0.04839999973773956
409,,0.012199999764561653,,,0.10010000318288803,,0.048900000751018524
410,,0.01209999993443489,,,0.10260000079870224,,0.048900000751018524
411,,0.012000000104308128,,,0.10499999672174454,,0.048900000751018524
412,,0.011900000274181366,,,0.10660000145435333,,0.048900000751018524
413,,0.01209999993443489,,,0.10849999636411667,,0.048900000751018524
414,,0.012400000356137753,,,0.10989999771118164,,0.048900000751018524
415,,0.012400000356137753,,,0.11079999804496765,,0.048900000751018524
416,,0.012500000186264515,,,0.11230000108480453,,0.048900000751018524
417,,0.012799999676644802,,,0.11550000309944153,,0.048900000751018524
418,,0.012900000438094139,,,0.11819999665021896,,0.048900000751018524
419,,0.01269999984651804,,,0.1200999990105629,,0.048900000751018524
420,,0.013000000268220901,,,0.12200000137090683,,0.048900000751018524
421,,0.01360000018030405,,,0.12460000067949295,,0.049800001084804535
422,,0.014100000262260437,,,0.12720000743865967,,0.050599999725818634
423,,0.0142000000923872,,,0.1289999932050705,,0.050599999725818634
424,,0.014499999582767487,,,0.13089999556541443,,0.050599999725818634
425,,0.014700000174343586,,,0.13339999318122864,,0.050599999725818634
426,,0.014800000004470348,,,0.13609999418258667,,0.050599999725818634
427,,0.015200000256299973,,,0.13840000331401825,,0.050599999725818634
428,,0.01590000092983246,,,0.1396999955177307,,0.05090000107884407
429,,0.01679999940097332,,,0.14100000262260437,,0.05220000073313713
430,,0.017400000244379044,,,0.14329999685287476,,0.053599998354911804
431,,0.01769999973475933,,,0.1462000012397766,,0.054099999368190765
432,,0.017999999225139618,,,0.148499995470047,,0.05460000038146973
433,,0.01860000006854534,,,0.14970000088214874,,0.0560000017285347
434,,0.019300000742077827,,,0.15080000460147858,,0.05730000138282776
435,,0.019899999722838402,,,0.1527000069618225,,0.0575999990105629
436,,0.02070000022649765,,,0.1542000025510788,,0.05829999968409538
437,,0.021700000390410423,,,0.1559000015258789,,0.05990000069141388
438,,0.022600000724196434,,,0.15800000727176666,,0.061000000685453415
439,,0.023399999365210533,,,0.16019999980926514,,0.06109999865293503
440,,0.02449999935925007,,,0.16220000386238098,,0.06109999865293503
441,,0.025800000876188278,,,0.16380000114440918,,0.061900001019239426
442,,0.02710000053048134,,,0.1656000018119812,,0.06459999829530716
443,,0.028200000524520874,,,0.16680000722408295,,0.06719999760389328
444,,0.02969999983906746,,,0.16820000112056732,,0.0689999982714653
445,,0.03150000050663948,,,0.16979999840259552,,0.07000000029802322
446,,0.0333000011742115,,,0.17030000686645508,,0.07180000096559525
447,,0.03449999913573265,,,0.1687999963760376,,0.07360000163316727
448,,0.035999998450279236,,,0.16670000553131104,,0.07559999823570251
449,,0.03819999843835831,,,0.16539999842643738,,0.07810000330209732
450,,0.0406000018119812,,,0.16429999470710754,,0.07999999821186066
451,,0.04270000010728836,,,0.16290000081062317,,0.08209999650716782
452,,0.044599998742341995,,,0.1615000069141388,,0.08449999988079071
453,,0.047200001776218414,,,0.16099999845027924,,0.08590000122785568
454,,0.05009999871253967,,,0.16130000352859497,,0.08780000358819962
455,,0.05290000140666962,,,0.16120000183582306,,0.09000000357627869
456,,0.05510000139474869,,,0.16009999811649323,,0.09189999848604202
457,,0.05719999969005585,,,0.1590999960899353,,0.09430000185966492
458,,0.059700001031160355,,,0.15870000422000885,,0.09640000015497208
459,,0.06270000338554382,,,0.15809999406337738,,0.09889999777078629
460,,0.06620000302791595,,,0.1573999971151352,,0.10159999877214432
461,,0.07010000199079514,,,0.15790000557899475,,0.10360000282526016
462,,0.0738999992609024,,,0.1590999960899353,,0.10540000349283218
463,,0.07699999958276749,,,0.15889999270439148,,0.10719999670982361
464,,0.0794999971985817,,,0.15770000219345093,,0.10989999771118164
465,,0.08250000327825546,,,0.15760000050067902,,0.11259999871253967
466,,0.08560000360012054,,,0.15889999270439148,,0.1143999993801117
467,,0.08879999816417694,,,0.15919999778270721,,0.11720000207424164
468,,0.0925000011920929,,,0.15800000727176666,,0.12070000171661377
469,,0.09700000286102295,,,0.15729999542236328,,0.12359999865293503
470,,0.10119999945163727,,,0.15729999542236328,,0.12729999423027039
471,,0.10480000078678131,,,0.15690000355243683,,0.13169999420642853
472,,0.10859999805688858,,,0.155799999833107,,0.1356000006198883
473,,0.11330000311136246,,,0.1550000011920929,,0.14020000398159027
474,,0.11760000139474869,,,0.15440000593662262,,0.1445000022649765
475,,0.12189999967813492,,,0.15369999408721924,,0.1477999985218048
476,,0.12639999389648438,,,0.15360000729560852,,0.1509000062942505
477,,0.13179999589920044,,,0.15399999916553497,,0.1551000028848648
478,,0.13740000128746033,,,0.15410000085830688,,0.1590999960899353
479,,0.1436000019311905,,,0.1535000056028366,,0.16279999911785126
480,,0.14980000257492065,,,0.15360000729560852,,0.16590000689029694
481,,0.15559999644756317,,,0.1542000025510788,,0.16930000483989716
482,,0.1607999950647354,,,0.15379999577999115,,0.17430000007152557
483,,0.16609999537467957,,,0.1527000069618225,,0.17900000512599945
484,,0.1720000058412552,,,0.15320000052452087,,0.18279999494552612
485,,0.1784999966621399,,,0.1551000028848648,,0.18649999797344208
486,,0.18459999561309814,,,0.15729999542236328,,0.19009999930858612
487,,0.19040000438690186,,,0.15880000591278076,,0.19370000064373016
488,,0.19599999487400055,,,0.16040000319480896,,0.1973000019788742
489,,0.20190000534057617,,,0.16269999742507935,,0.20090000331401825
490,,0.20800000429153442,,,0.1655000001192093,,0.2046000063419342
491,,0.21439999341964722,,,0.1678999960422516,,0.20909999310970306
492,,0.22040000557899475,,,0.17020000517368317,,0.21369999647140503
493,,0.22669999301433563,,,0.1729000061750412,,0.21819999814033508
494,,0.23330000042915344,,,0.1761000007390976,,0.22259999811649323
495,,0.24050000309944153,,,0.17880000174045563,,0.226500004529953
496,,0.24729999899864197,,,0.1817999929189682,,0.2312999963760376
497,,0.25440001487731934,,,0.18529999256134033,,0.2362000048160553
498,,0.2621999979019165,,,0.18930000066757202,,0.2395000010728836
499,,0.27059999108314514,,,0.193900004029274,,0.24310000240802765
500,,0.27799999713897705,,,0.19869999587535858,,0.24809999763965607
501,,0.28540000319480896,,,0.20329999923706055,,0.2542000114917755
502,,0.2946999967098236,,,0.2069000005722046,,0.2612000107765198
503,,0.30559998750686646,,,0.2110999971628189,,0.267300009727478
504,,0.3156000077724457,,,0.2160000056028366,,0.2734000086784363
505,,0.32510000467300415,,,0.22179999947547913,,0.28119999170303345
506,,0.33649998903274536,,,0.22759999334812164,,0.28940001130104065
507,,0.3492000102996826,,,0.23420000076293945,,0.29760000109672546
508,,0.36169999837875366,,,0.2401999980211258,,0.3057999908924103
509,,0.37369999289512634,,,0.24539999663829803,,0.3156000077724457
510,,0.3869999945163727,,,0.2513999938964844,,0.3262999951839447
511,,0.4016000032424927,,,0.25859999656677246,,0.3361999988555908
512,,0.4154999852180481,,,0.26739999651908875,,0.34529998898506165
513,,0.42820000648498535,,,0.2761000096797943,,0.35530000925064087
514,,0.44040000438690186,,,0.2842000126838684,,0.3668999969959259
515,,0.45320001244544983,,,0.2915000021457672,,0.3774999976158142
516,,0.4674000144004822,,,0.30000001192092896,,0.39149999618530273
517,,0.4819999933242798,,,0.30979999899864197,,0.40639999508857727
518,,0.4966000020503998,,,0.3206000030040741,,0.4194999933242798
519,,0.5090000033378601,,,0.33239999413490295,,0.4325999915599823
520,,0.5213000178337097,,,0.3440999984741211,,0.4442000091075897
521,,0.5340999960899353,,,0.35440000891685486,,0.45559999346733093
522,,0.5475000143051147,,,0.3652999997138977,,0.46709999442100525
523,,0.5593000054359436,,,0.3792000114917755,,0.4781000018119812
524,,0.569100022315979,,,0.39480000734329224,,0.48910000920295715
525,,0.5769000053405762,,,0.4092999994754791,,0.49790000915527344
526,,0.5846999883651733,,,0.42239999771118164,,0.5040000081062317
527,,0.5924000144004822,,,0.43619999289512634,,0.5094000101089478
528,,0.6003999710083008,,,0.4505999982357025,,0.51419997215271
529,,0.607200026512146,,,0.4643000066280365,,0.5188000202178955
530,,0.6128000020980835,,,0.477400004863739,,0.5249000191688538
531,,0.6177999973297119,,,0.49000000953674316,,0.5303999781608582
532,,0.6222000122070312,,,0.501800000667572,,0.53329998254776
533,,0.6266000270843506,,,0.512499988079071,,0.5360000133514404
534,,0.6306999921798706,,,0.5235000252723694,,0.5396000146865845
535,,0.6342999935150146,,,0.5343999862670898,,0.5440999865531921
536,,0.6376000046730042,,,0.542900025844574,,0.5486999750137329
537,,0.640999972820282,,,0.550000011920929,,0.5534999966621399
538,,0.6448000073432922,,,0.5564000010490417,,0.5608000159263611
539,,0.6492999792098999,,,0.5627999901771545,,0.5683000087738037
540,,0.6553000211715698,0.007000000216066837,,0.5679000020027161,0.010300000198185444,0.5763000249862671
541,,0.6646000146865845,0.007400000002235174,,0.5724999904632568,0.009800000116229057,0.583899974822998
542,,0.6765000224113464,0.008299999870359898,,0.5777000188827515,0.009800000116229057,0.5931000113487244
543,,0.6890000104904175,0.009499999694526196,,0.5821999907493591,0.00989999994635582,0.6037999987602234
544,,0.7006000280380249,0.010900000110268593,,0.5853000283241272,0.010099999606609344,0.6134999990463257
545,,0.713699996471405,0.012400000356137753,,0.5885999798774719,0.010099999606609344,0.6244999766349792
546,,0.7289999723434448,0.014399999752640724,,0.5929999947547913,0.010499999858438969,0.6398000121116638
547,,0.7458000183105469,0.016699999570846558,,0.5986999869346619,0.010999999940395355,0.6572999954223633
548,,0.7621999979019165,0.019300000742077827,,0.6036999821662903,0.011300000362098217,0.6740999817848206
549,,0.7796000242233276,0.022299999371170998,,0.6086999773979187,0.011699999682605267,0.689300000667572
550,,0.7979000210762024,0.026100000366568565,,0.6136999726295471,0.012400000356137753,0.705299973487854
551,,0.817799985408783,0.030400000512599945,,0.6197999715805054,0.013199999928474426,0.7218000292778015
552,,0.8389000296592712,0.035599999129772186,,0.628000020980835,0.014100000262260437,0.7404000163078308
553,,0.8592000007629395,0.04190000146627426,,0.6373000144958496,0.015599999576807022,0.7587000131607056
554,,0.8776999711990356,0.04910000041127205,,0.6468999981880188,0.017799999564886093,0.7742999792098999
555,,0.8946999907493591,0.05700000002980232,,0.6571999788284302,0.02019999921321869,0.7922000288963318
556,,0.9124000072479248,0.06620000302791595,,0.6700999736785889,0.02290000021457672,0.8093000054359436
557,,0.9297999739646912,0.07720000296831131,,0.6829000115394592,0.025499999523162842,0.8245000243186951
558,,0.9455999732017517,0.09019999951124191,,0.6947000026702881,0.02810000069439411,0.8371999859809875
559,,0.9606999754905701,0.10429999977350235,,0.7077000141143799,0.03139999881386757,0.8496999740600586
560,,0.9740999937057495,0.11959999799728394,,0.7233999967575073,0.03629999980330467,0.8597999811172485
561,,0.9860000014305115,0.13670000433921814,,0.7408999800682068,0.04170000180602074,0.8651000261306763
562,,0.9948999881744385,0.1559000015258789,,0.7591000199317932,0.047200001776218414,0.8693000078201294
563,,0.9994999766349792,0.17790000140666962,,0.7799000144004822,0.05310000106692314,0.8712999820709229
564,,1.0,0.20350000262260437,,0.8011000156402588,0.06030000001192093,0.8704000115394592
565,,0.9991000294685364,0.23190000653266907,,0.819100022315979,0.06870000064373016,0.8666999936103821
566,,0.9969000220298767,0.26190000772476196,,0.8348000049591064,0.07890000194311142,0.8600000143051147
567,,0.989799976348877,0.29319998621940613,,0.8532000184059143,0.09000000357627869,0.8496000170707703
568,,0.9757000207901001,0.3271999955177307,,0.8751999735832214,0.10209999978542328,0.8353000283241272
569,,0.957099974155426,0.36390000581741333,,0.8956999778747559,0.11630000174045563,0.8181999921798706
570,,0.9361000061035156,0.40459999442100525,,0.9147999882698059,0.13369999825954437,0.796500027179718
571,,0.9111999869346619,0.44839999079704285,,0.9340000152587891,0.15399999916553497,0.770799994468689
572,,0.881600022315979,0.49480000138282776,,0.9506000280380249,0.17550000548362732,0.7506999969482422
573,,0.8496000170707703,0.5422999858856201,,0.9628999829292297,0.19939999282360077,0.7121000289916992
574,,0.8158000111579895,0.5889999866485596,,0.973800003528595,0.22669999301433563,0.6682000160217285
575,,0.7804999947547913,0.6340000033378601,,0.9865999817848206,0.2563000023365021,0.6226999759674072
576,,0.7426999807357788,0.6777999997138977,,0.9968000054359436,0.28600001335144043,0.5932000279426575
577,,0.7032999992370605,0.7214999794960022,,1.0,0.3179999887943268,0.5669999718666077
578,,0.6607999801635742,0.7635999917984009,,0.9962999820709229,0.35440000891685486,0.5390999913215637
579,,0.6168000102043152,0.8032000064849854,,0.9869999885559082,0.3962000012397766,0.5059999823570251
580,,0.5738000273704529,0.840399980545044,,0.9739999771118164,0.4390999972820282,0.4742000102996826
581,,0.5325000286102295,0.8738999962806702,,0.957099974155426,0.48089998960494995,0.43639999628067017
582,,0.4909000098705292,0.9043999910354614,,0.9355000257492065,0.5217999815940857,0.39079999923706055
583,,0.44909998774528503,0.9298999905586243,,0.9089999794960022,0.5645999908447266,0.35910001397132874
584,,0.4088999927043915,0.9505000114440918,,0.8776999711990356,0.609499990940094,0.3361999988555908
585,,0.3720000088214874,0.9656999707221985,,0.8432000279426575,0.6554999947547913,0.30550000071525574
586,,0.33719998598098755,0.9793999791145325,,0.8069000244140625,0.6978999972343445,0.27649998664855957
587,,0.3046000003814697,0.9915000200271606,,0.766700029373169,0.7361000180244446,0.24699999392032623
588,,0.2741999924182892,0.9988999962806702,,0.7202000021934509,0.7724000215530396,0.21619999408721924
589,,0.24690000712871552,1.0,,0.6686999797821045,0.8093000054359436,0.1899999976158142
590,,0.2215999960899353,0.9979000091552734,,0.6190999746322632,0.842199981212616,0.17139999568462372
591,,0.19900000095367432,0.9944000244140625,,0.5719000101089478,0.869700014591217,0.15279999375343323
592,,0.17919999361038208,0.9890000224113464,,0.5253999829292297,0.895799994468689,0.13339999318122864
593,,0.16140000522136688,0.9821000099182129,,0.4794999957084656,0.9217000007629395,0.11800000071525574
594,,0.1454000025987625,0.9743000268936157,,0.43779999017715454,0.9435999989509583,0.10540000349283218
595,,0.1316000074148178,0.9646999835968018,,0.39879998564720154,0.9607999920845032,0.094200000166893
596,,0.11959999799728394,0.951200008392334,,0.3612000048160553,0.9781000018119812,0.08179999887943268
597,,0.10840000212192535,0.9359999895095825,,0.32510000467300415,0.9916999936103821,0.07280000299215317
598,,0.09839999675750732,0.9207000136375427,,0.2921000123023987,0.9987999796867371,0.06689999997615814
599,,0.09030000120401382,0.9057999849319458,,0.26260000467300415,1.0,0.05790000036358833
600,,0.08320000022649765,0.8871999979019165,,0.23559999465942383,0.9980000257492065,0.04039999842643738
601,,0.0763000026345253,0.8687999844551086,,0.21050000190734863,0.9987999796867371,0.03150000050663948
602,,0.07050000131130219,0.849399983882904,,0.1868000030517578,0.9945999979972839,0.027000000700354576
603,,0.06599999964237213,0.8288999795913696,,0.16449999809265137,0.9829000234603882,0.023499999195337296
604,,0.062300000339746475,0.8108000159263611,,0.14399999380111694,0.9690999984741211,0.02250000089406967
605,,0.05889999866485596,0.7960000038146973,,0.12639999389648438,0.9596999883651733,0.020500000566244125
606,,0.0560000017285347,0.7835000157356262,,0.11159999668598175,0.9556000232696533,0.01679999940097332
607,,0.05350000038743019,0.7702999711036682,,0.0982000008225441,0.9488000273704529,0.013399999588727951
608,,0.05130000039935112,0.7560999989509583,,0.08669999986886978,0.9375,0.011099999770522118
609,,0.04960000142455101,0.7419999837875366,,0.07660000026226044,0.9239000082015991,0.010499999858438969
610,,0.04800000041723251,0.7281000018119812,,0.06840000301599503,0.911899983882904,0.010499999858438969
611,,0.04639999940991402,0.7159000039100647,,0.06040000170469284,0.9006999731063843,0.010499999858438969
612,,0.04500000178813934,0.7037000060081482,,0.05310000106692314,0.8873999714851379,0.010099999606609344
613,,0.04410000145435333,0.691100001335144,,0.04659999907016754,0.8719000220298767,0.009100000374019146
614,,0.04320000112056732,0.6787999868392944,,0.04089999943971634,0.8565000295639038,0.008700000122189522
615,,0.041999999433755875,0.6678000092506409,,0.03629999980330467,0.8431000113487244,0.008700000122189522
616,,0.04100000113248825,0.6574000120162964,,0.03269999846816063,0.8317000269889832,0.008700000122189522
617,,0.04050000011920929,0.6453999876976013,,0.029100000858306885,0.8185999989509583,0.008100000210106373
618,,0.04050000011920929,0.633899986743927,,0.025599999353289604,0.8037999868392944,0.007199999876320362
619,,0.04039999842643738,0.6237999796867371,,0.022199999541044235,0.7904000282287598,0.007000000216066837
620,,0.04050000011920929,0.6148999929428101,,0.01979999989271164,0.7799999713897705,0.007000000216066837
621,,0.04050000011920929,0.6055999994277954,,0.018400000408291817,0.7716000080108643,0.007000000216066837
622,,0.040699999779462814,0.5971999764442444,,0.017000000923871994,0.7612000107765198,0.007000000216066837
623,,0.04039999842643738,0.5884000062942505,,0.01549999974668026,0.7494999766349792,0.007000000216066837
624,,0.04010000079870224,0.5795000195503235,,0.0142000000923872,0.7365999817848206,0.007000000216066837
625,,0.040300000458955765,0.5690000057220459,,0.013199999928474426,0.724399983882904,0.006099999882280827
626,,0.040699999779462814,0.5590000152587891,,0.011699999682605267,0.7128999829292297,0.005200000014156103
627,,0.04129999876022339,0.5498999953269958,,0.010400000028312206,0.7009999752044678,0.005200000014156103
628,,0.04129999876022339,0.5418000221252441,,0.009600000455975533,0.689300000667572,0.005200000014156103
629,,0.041200000792741776,0.5340999960899353,,0.00930000003427267,0.6802999973297119,0.005200000014156103
630,,0.040699999779462814,0.526199996471405,,0.00860000029206276,0.6743000149726868,0.004999999888241291
631,,0.040800001472234726,0.5167999863624573,,0.008100000210106373,0.6662999987602234,0.004100000020116568
632,,0.04089999943971634,0.5069000124931335,,0.007899999618530273,0.6553000211715698,0.0035000001080334187
633,,0.04100000113248825,0.4984999895095825,,0.007699999958276749,0.6442999839782715,0.0035000001080334187
634,,0.04089999943971634,0.49129998683929443,,0.007300000172108412,0.637499988079071,0.0035000001080334187
635,,0.04089999943971634,0.4828000068664551,,0.0066999997943639755,0.6302000284194946,0.0035000001080334187
636,,0.0406000018119812,0.4733000099658966,,0.006300000008195639,0.6215999722480774,0.0035000001080334187
637,,0.04019999876618385,0.4650000035762787,,0.00570000009611249,0.6122999787330627,0.0035000001080334187
638,,0.04019999876618385,0.4562999904155731,,0.005499999970197678,0.6033999919891357,0.0035000001080334187
639,,0.04010000079870224,0.44679999351501465,,0.00559999980032444,0.5945000052452087,0.0035000001080334187
640,,0.03959999978542328,0.43700000643730164,,0.005799999926239252,0.5873000025749207,0.0035000001080334187
641,,0.03849999979138374,0.42820000648498535,,0.005200000014156103,0.5821999907493591,0.0035000001080334187
642,,0.03799999877810478,0.4196000099182129,,0.00430000014603138,0.5756000280380249,0.0035000001080334187
643,,0.03790000081062317,0.4106999933719635,,0.003700000001117587,0.5681999921798706,0.0035000001080334187
644,,0.037300001829862595,0.4009000062942505,,0.003700000001117587,0.5602999925613403,0.004900000058114529
645,,0.03629999980330467,0.39100000262260437,,0.0034000000450760126,0.5526000261306763,0.006899999920278788
646,,0.035599999129772186,0.38199999928474426,,0.0032999999821186066,0.544700026512146,0.007000000216066837
647,,0.03539999946951866,0.3732999861240387,,0.004000000189989805,0.5364999771118164,0.007000000216066837
648,,0.03530000150203705,0.3635999858379364,,0.004900000058114529,0.5275999903678894,0.0071000000461936
649,,0.0348999984562397,0.35339999198913574,,0.003700000001117587,0.5185999870300293,0.011099999770522118
650,,,0.3440000116825104,,,0.5095000267028809,0.013799999840557575
651,,,0.33489999175071716,,,0.5001999735832214,0.013500000350177288
652,,,0.3260999917984009,,,0.49230000376701355,0.013100000098347664
653,,,0.31709998846054077,,,0.48539999127388,0.01269999984651804
654,,,0.3091000020503998,,,0.4754999876022339,0.012299999594688416
655,,,0.3009999990463257,,,0.46369999647140503,0.011800000444054604
656,,,0.2924000024795532,,,0.45500001311302185,0.01140000019222498
657,,,0.28369998931884766,,,0.447299987077713,0.010900000110268593
658,,,0.2754000127315521,,,0.43880000710487366,0.010499999858438969
659,,,0.26759999990463257,,,0.4307999908924103,0.009999999776482582
660,,,0.2606000006198883,,,0.423799991607666,0.009600000455975533
661,,,0.25360000133514404,,,0.41449999809265137,0.00930000003427267
662,,,0.24770000576972961,,,0.4034999907016754,0.008899999782443047
663,,,0.241799995303154,,,0.392300009727478,0.008299999870359898
664,,,0.2354000061750412,,,0.3846000134944916,0.007199999876320362
665,,,0.2264000028371811,,,0.37689998745918274,0.007000000216066837
666,,,0.21850000321865082,,,0.3677000105381012,0.007000000216066837
667,,,0.21310000121593475,,,0.3555000126361847,0.007799999788403511
668,,,0.20890000462532043,,,0.3452000021934509,0.009499999694526196
669,,,0.20260000228881836,,,0.33709999918937683,0.009600000455975533
670,,,0.19499999284744263,,,0.33059999346733093,0.008700000122189522
671,,,0.18770000338554382,,,0.32440000772476196,0.008700000122189522
672,,,0.1826000064611435,,,0.31700000166893005,0.008700000122189522
673,,,0.17880000174045563,,,0.30880001187324524,0.008700000122189522
674,,,0.17499999701976776,,,0.3012999892234802,0.008700000122189522
675,,,0.1704999953508377,,,0.29319998621940613,0.008700000122189522
676,,,0.16580000519752502,,,0.2840999960899353,0.008700000122189522
677,,,0.1607999950647354,,,0.2768000066280365,0.008700000122189522
678,,,0.15629999339580536,,,0.271699994802475,0.00839999970048666
679,,,0.1517000049352646,,,0.26600000262260437,0.007499999832361937
680,,,0.14740000665187836,,,0.2581000030040741,0.006599999964237213
681,,,0.1437000036239624,,,0.2506999969482422,0.00570000009611249
682,,,0.1404000073671341,,,0.24650000035762787,0.004699999932199717
683,,,0.13680000603199005,,,0.24369999766349792,0.003800000064074993
684,,,0.13259999454021454,,,0.2387000024318695,0.0035000001080334187
685,,,0.12849999964237213,,,0.23010000586509705,0.0035000001080334187
686,,,0.12520000338554382,,,0.22120000422000885,0.0035000001080334187
687,,,0.1216999962925911,,,0.21559999883174896,0.0035000001080334187
688,,,0.11800000071525574,,,0.21220000088214874,0.0035000001080334187
689,,,0.1145000010728836,,,0.20900000631809235,0.0035000001080334187
690,,,0.11190000176429749,,,0.20419999957084656,0.0035000001080334187
691,,,0.10899999737739563,,,0.1981000006198883,0.0026000000070780516
692,,,0.10580000281333923,,,0.19120000302791595,0.0017000000225380063
693,,,0.10289999842643738,,,0.18529999256134033,0.0017000000225380063
694,,,0.09989999979734421,,,0.18039999902248383,0.0017000000225380063
695,,,0.09619999676942825,,,0.1761000007390976,
696,,,0.09290000051259995,,,0.17190000414848328,
697,,,0.09070000052452087,,,0.1673000007867813,
698,,,0.08900000154972076,,,0.16380000114440918,
699,,,0.08709999918937683,,,0.16200000047683716,
700,,,0.08429999649524689,,,0.16120000183582306,
701,,,0.08169999718666077,,,0.15839999914169312,
702,,,0.07989999651908875,,,0.15299999713897705,
703,,,0.07859999686479568,,,0.1469999998807907,
704,,,0.07660000026226044,,,0.14259999990463257,
705,,,0.0738999992609024,,,0.14100000262260437,
706,,,0.07129999995231628,,,0.13830000162124634,
707,,,0.06930000334978104,,,0.13359999656677246,
708,,,0.0674000009894371,,,0.12999999523162842,
709,,,0.06560000032186508,,,0.12800000607967377,
710,,,0.06390000134706497,,,0.125900000333786,
711,,,0.062199998646974564,,,0.12200000137090683,
712,,,0.06069999933242798,,,0.11879999935626984,
713,,,0.05909999832510948,,,0.1151999980211258,
714,,,0.05770000070333481,,,0.11240000277757645,
715,,,0.05649999901652336,,,0.1103999987244606,
716,,,0.05530000105500221,,,0.10740000009536743,
717,,,0.05350000038743019,,,0.10350000113248825,
718,,,0.05119999870657921,,,0.10090000182390213,
719,,,0.04960000142455101,,,0.10010000318288803,
720,,,0.048700001090765,,,0.09889999777078629,
721,,,0.04769999906420708,,,0.09740000218153,
722,,,0.046300001442432404,,,0.09690000116825104,
723,,,0.04470000043511391,,,0.09570000320672989,
724,,,0.04340000078082085,,,0.09380000084638596,
725,,,0.042399998754262924,,,0.09080000221729279,
726,,,0.041099999099969864,,,0.08709999918937683,
727,,,0.039799999445676804,,,0.08380000293254852,
728,,,0.03880000114440918,,,0.08139999955892563,
729,,,0.03779999911785126,,,0.07880000025033951,
730,,,0.03620000183582306,,,0.07639999687671661,
731,,,0.03500000014901161,,,0.07569999992847443,
732,,,0.03449999913573265,,,0.07680000364780426,
733,,,0.033799998462200165,,,0.07590000331401825,
734,,,0.032999999821186066,,,0.07240000367164612,
735,,,0.03220000118017197,,,0.06880000233650208,
736,,,0.03189999982714653,,,0.06719999760389328,
737,,,0.031599998474121094,,,0.06719999760389328,
738,,,0.031300000846385956,,,0.06710000336170197,
739,,,0.03009999915957451,,,0.06650000065565109,
740,2.3178000450134277,,0.028599999845027924,8.896200180053711,,0.06599999964237213,
741,2.2432000637054443,,0.02759999968111515,8.784299850463867,,0.06419999897480011,
742,2.1686999797821045,,0.0272000003606081,8.672499656677246,,0.0617000013589859,
743,2.094099998474121,,0.026599999517202377,8.560700416564941,,0.060600001364946365,
744,2.0195000171661377,,0.025800000876188278,8.44890022277832,,0.06120000034570694,
745,1.9467999935150146,,0.024900000542402267,8.299599647521973,,0.06109999865293503,
746,1.8741999864578247,,0.023600000888109207,8.150300025939941,,0.05829999968409538,
747,1.8014999628067017,,0.022099999710917473,8.00100040435791,,0.0544000007212162,
748,1.7288000583648682,,0.020999999716877937,7.8516998291015625,,0.051600001752376556,
749,1.676300048828125,,0.02070000022649765,7.757299900054932,,0.04879999905824661,
750,1.623900055885315,,0.020899999886751175,7.663000106811523,,0.04470000043511391,
751,1.5714999437332153,,0.020800000056624413,7.568600177764893,,,
752,1.5190999507904053,,0.020500000566244125,7.4741997718811035,,,
753,1.4717999696731567,,0.019999999552965164,7.3495001792907715,,,
754,1.4246000051498413,,0.01979999989271164,7.224800109863281,,,
755,1.3774000406265259,,0.01940000057220459,7.100100040435791,,,
756,1.330199956893921,,0.01899999938905239,6.975399971008301,,,
757,1.2978999614715576,,0.01889999955892563,6.855400085449219,,,
758,1.2656999826431274,,0.019300000742077827,6.735499858856201,,,
759,1.2335000038146973,,0.019300000742077827,6.615499973297119,,,
760,1.201200008392334,,0.017999999225139618,6.495500087738037,,,
761,1.1601999998092651,,0.016699999570846558,6.357999801635742,,,
762,1.1191999912261963,,0.01590000092983246,6.220600128173828,,,
763,1.0781999826431274,,0.015699999406933784,6.083099842071533,,,
764,1.0371999740600586,,0.01549999974668026,5.9456000328063965,,,
765,1.0012999773025513,,0.01489999983459711,5.834700107574463,,,
766,0.965499997138977,,0.014000000432133675,5.723800182342529,,,
767,0.9296000003814697,,,5.6128997802734375,,,
768,0.8937000036239624,,,5.501999855041504,,,
769,0.8557000160217285,,,5.3933000564575195,,,
770,0.8176000118255615,,,5.2846999168396,,,
771,0.7795000076293945,,,5.176000118255615,,,
772,0.7414000034332275,,,5.067399978637695,,,
773,0.703000009059906,,,4.947000026702881,,,
774,0.6646999716758728,,,4.826700210571289,,,
775,0.6262999773025513,,,4.706399917602539,,,
776,0.5878999829292297,,,4.586100101470947,,,
777,0.5543000102043152,,,4.495500087738037,,,
778,0.5206999778747559,,,4.40500020980835,,,
779,0.4871000051498413,,,4.314499855041504,,,
780,0.45350000262260437,,,4.223899841308594,,,
781,0.4262999892234802,,,4.121500015258789,,,
782,0.3991999924182892,,,4.019100189208984,,,
783,0.37209999561309814,,,3.9166998863220215,,,
784,0.3449999988079071,,,3.814300060272217,,,
785,0.3221000134944916,,,3.7177000045776367,,,
786,0.29919999837875366,,,3.6210999488830566,,,
787,0.27630001306533813,,,3.524600028991699,,,
788,0.2533999979496002,,,3.427999973297119,,,
789,0.23549999296665192,,,3.319200038909912,,,
790,0.2176000028848648,,,3.210400104522705,,,
791,0.1996999979019165,,,3.101599931716919,,,
792,0.1817999929189682,,,2.992799997329712,,,
793,0.16940000653266907,,,2.893899917602539,,,
794,0.15710000693798065,,,2.7950000762939453,,,
795,0.14470000565052032,,,2.6960999965667725,,,
796,0.13230000436306,,,2.5971999168395996,,,
797,0.12300000339746475,,,2.482300043106079,,,
798,0.11379999667406082,,,2.367500066757202,,,
799,0.10450000315904617,,,2.2525999546051025,,,
800,0.09520000219345093,,,2.137700080871582,,,
801,0.08940000087022781,,,2.066999912261963,,,
802,0.0835999995470047,,,1.9962999820709229,,,
803,0.07769999653100967,,,1.9255000352859497,,,
804,0.07190000265836716,,,1.8547999858856201,,,
805,0.06790000200271606,,,1.788100004196167,,,
806,0.06390000134706497,,,1.7213000059127808,,,
807,0.05999999865889549,,,1.6546000242233276,,,
808,0.0560000017285347,,,1.5878000259399414,,,
809,0.053300000727176666,,,1.5281000137329102,,,
810,0.05050000175833702,,,1.4682999849319458,,,
811,0.04780000075697899,,,1.4084999561309814,,,
812,0.045099999755620956,,,1.3487000465393066,,,
813,0.04349999874830246,,,1.3003000020980835,,,
814,0.04190000146627426,,,1.2517999410629272,,,
815,0.040300000458955765,,,1.2034000158309937,,,
816,0.03869999945163727,,,1.1549999713897705,,,
817,0.037700001150369644,,,1.1339000463485718,,,
818,0.03669999912381172,,,1.1128000020980835,,,
819,0.0357000008225441,,,1.0916999578475952,,,
820,0.034699998795986176,,,1.0706000328063965,,,
821,0.03449999913573265,,,1.0455000400543213,,,
822,0.034299999475479126,,,1.020300030708313,,,
823,0.03420000150799751,,,0.995199978351593,,,
824,0.03400000184774399,,,0.9700000286102295,,,
825,0.033799998462200165,,,0.939300000667572,,,
826,0.03359999880194664,,,0.9085999727249146,,,
827,0.033399999141693115,,,0.8779000043869019,,,
828,0.03319999948143959,,,0.8471999764442444,,,
829,0.03350000083446503,,,0.8277999758720398,,,
830,0.033900000154972076,,,0.8083000183105469,,,
831,0.034299999475479126,,,0.7889000177383423,,,
832,0.03460000082850456,,,0.7695000171661377,,,
833,0.035100001841783524,,,0.7468000054359436,,,
834,0.03550000116229057,,,0.7242000102996826,,,
835,0.035999998450279236,,,0.7016000151634216,,,
836,0.036400001496076584,,,0.6789000034332275,,,
837,0.03709999844431877,,,0.6628000140190125,,,
838,0.037700001150369644,,,0.6466000080108643,,,
839,0.03830000013113022,,,0.6304000020027161,,,
840,0.03889999911189079,,,0.614300012588501,,,
841,0.039500001817941666,,,0.6047999858856201,,,
842,0.04019999876618385,,,0.595300018787384,,,
843,0.04089999943971634,,,0.5857999920845032,,,
844,0.041600000113248825,,,0.5763000249862671,,,
845,0.04270000010728836,,,0.5687000155448914,,,
846,0.04390000179409981,,,0.5611000061035156,,,
847,0.04500000178813934,,,0.5533999800682068,,,
848,0.04610000178217888,,,0.545799970626831,,,
849,0.04699999839067459,,,0.5436999797821045,,,
850,0.04800000041723251,,,0.5415999889373779,,,
851,0.048900000751018524,,,0.5394999980926514,,,
852,0.049800001084804535,,,0.5374000072479248,,,
853,0.05090000107884407,,,0.5351999998092651,,,
854,0.052000001072883606,,,0.5329999923706055,,,
855,0.05310000106692314,,,0.5307999849319458,,,
856,0.05420000106096268,,,0.5285999774932861,,,
857,0.05530000105500221,,,0.5285000205039978,,,
858,0.05649999901652336,,,0.5284000039100647,,,
859,0.0575999990105629,,,0.5282999873161316,,,
860,0.05869999900460243,,,0.5281999707221985,,,
861,0.05990000069141388,,,0.5267000198364258,,,
862,0.061000000685453415,,,0.5252000093460083,,,
863,0.06210000067949295,,,0.5235999822616577,,,
864,0.0632999986410141,,,0.5220999717712402,,,
865,0.06480000168085098,,,0.5238000154495239,,,
866,0.06629999727010727,,,0.5254999995231628,,,
867,0.06790000200271606,,,0.5271999835968018,,,
868,0.06939999759197235,,,0.5289000272750854,,,
869,0.07150000333786011,,,0.5278000235557556,,,
870,0.07360000163316727,,,0.5267000198364258,,,
871,0.07559999823570251,,,0.525600016117096,,,
872,0.07769999653100967,,,0.5245000123977661,,,
873,0.07970000058412552,,,0.5263000130653381,,,
874,0.08169999718666077,,,0.5281000137329102,,,
875,0.08370000123977661,,,0.5299000144004822,,,
876,0.08569999784231186,,,0.5317000150680542,,,
877,0.08839999884366989,,,0.534500002861023,,,
878,0.09109999984502792,,,0.5372999906539917,,,
879,0.09380000084638596,,,0.5400000214576721,,,
880,0.0966000035405159,,,0.5428000092506409,,,
881,0.09870000183582306,,,0.545199990272522,,,
882,0.10080000013113022,,,0.5475000143051147,,,
883,0.10300000011920929,,,0.5498999953269958,,,
884,0.10509999841451645,,,0.552299976348877,,,
885,0.10769999772310257,,,0.5554999709129333,,,
886,0.11029999703168869,,,0.5586000084877014,,,
887,0.11299999803304672,,,0.5618000030517578,,,
888,0.11559999734163284,,,0.5649999976158142,,,
889,0.11810000240802765,,,0.5669000148773193,,,
890,0.12060000002384186,,,0.5688999891281128,,,
891,0.12300000339746475,,,0.570900022983551,,,
892,0.12549999356269836,,,0.5727999806404114,,,
893,0.12870000302791595,,,0.5748999714851379,,,
894,0.13189999759197235,,,0.5770000219345093,,,
895,0.13519999384880066,,,0.5791000127792358,,,
896,0.13840000331401825,,,0.5813000202178955,,,
897,0.14309999346733093,,,0.589900016784668,,,
898,0.14790000021457672,,,0.5985000133514404,,,
899,0.1526000052690506,,,0.607200026512146,,,
900,0.1573999971151352,,,0.6158000230789185,,,
901,0.1599999964237213,,,0.6118999719619751,,,
902,0.16269999742507935,,,0.6079000234603882,,,
903,0.16539999842643738,,,0.6039000153541565,,,
904,0.1679999977350235,,,0.6000000238418579,,,
905,0.1704999953508377,,,0.5974000096321106,,,
906,0.17299999296665192,,,0.5946999788284302,,,
907,0.17550000548362732,,,0.5921000242233276,,,
908,0.17800000309944153,,,0.5895000100135803,,,
909,0.18039999902248383,,,0.5885000228881836,,,
910,0.18289999663829803,,,0.5874999761581421,,,
911,0.18539999425411224,,,0.5864999890327454,,,
912,0.18780000507831573,,,0.5853999853134155,,,
913,0.18970000743865967,,,0.583299994468689,,,
914,0.1915999948978424,,,0.5812000036239624,,,
915,0.19349999725818634,,,0.5791000127792358,,,
916,0.19539999961853027,,,0.5769000053405762,,,
917,0.19830000400543213,,,0.5716999769210815,,,
918,0.20110000669956207,,,0.5665000081062317,,,
919,0.20399999618530273,,,0.5612000226974487,,,
920,0.20679999887943268,,,0.5559999942779541,,,
921,0.20800000429153442,,,0.550599992275238,,,
922,0.20909999310970306,,,0.545199990272522,,,
923,0.2102999985218048,,,0.5397999882698059,,,
924,0.21140000224113464,,,0.5343000292778015,,,
925,0.21570000052452087,,,0.5313000082969666,,,
926,0.2198999971151352,,,0.5282999873161316,,,
927,0.2240999937057495,,,0.5253000259399414,,,
928,0.22830000519752502,,,0.5223000049591064,,,
929,0.23190000653266907,,,0.5184999704360962,,,
930,0.23549999296665192,,,0.5148000121116638,,,
931,0.23899999260902405,,,0.5110999941825867,,,
932,0.2425999939441681,,,0.5073999762535095,,,
933,0.24449999630451202,,,0.503600001335144,,,
934,0.24639999866485596,,,0.4997999966144562,,,
935,0.24819999933242798,,,0.4959999918937683,,,
936,0.2500999867916107,,,0.49219998717308044,,,
937,0.2526000142097473,,,0.48829999566078186,,,
938,0.2551000118255615,,,0.484499990940094,,,
939,0.25769999623298645,,,0.4805999994277954,,,
940,0.26019999384880066,,,0.47679999470710754,,,
941,0.2637999951839447,,,0.47600001096725464,,,
942,0.267300009727478,,,0.47519999742507935,,,
943,0.27090001106262207,,,0.47440001368522644,,,
944,0.2745000123977661,,,0.47350001335144043,,,
945,0.27869999408721924,,,0.4706999957561493,,,
946,0.28299999237060547,,,0.46790000796318054,,,
947,0.287200003862381,,,0.4650999903678894,,,
948,0.2913999855518341,,,0.46230000257492065,,,
949,0.29409998655319214,,,0.4602000117301941,,,
950,0.29679998755455017,,,0.45809999108314514,,,
951,0.2994000017642975,,,0.4560000002384186,,,
952,0.3021000027656555,,,0.453900009393692,,,
953,0.30640000104904175,,,0.451200008392334,,,
954,0.3107999861240387,,,0.44850000739097595,,,
955,0.3151000142097473,,,0.4458000063896179,,,
956,0.31949999928474426,,,0.4431000053882599,,,
957,0.3237999975681305,,,0.44279998540878296,,,
958,0.3280999958515167,,,0.4424999952316284,,,
959,0.33239999413490295,,,0.44209998846054077,,,
960,0.3366999924182892,,,0.44179999828338623,,,
961,0.3422999978065491,,,0.44190001487731934,,,
962,0.34790000319480896,,,0.44209998846054077,,,
963,0.35350000858306885,,,0.4422000050544739,,,
964,0.35910001397132874,,,0.4424000084400177,,,
965,0.3644999861717224,,,0.44179999828338623,,,
966,0.3698999881744385,,,0.44119998812675476,,,
967,0.37540000677108765,,,0.4406999945640564,,,
968,0.3808000087738037,,,0.4401000142097473,,,
969,0.38519999384880066,,,0.4392000138759613,,,
970,0.3894999921321869,,,0.4383000135421753,,,
971,0.3937999904155731,,,0.4374000132083893,,,
972,0.39820000529289246,,,0.43650001287460327,,,
973,0.4023999869823456,,,0.4350000023841858,,,
974,0.4065999984741211,,,0.4336000084877014,,,
975,0.4108000099658966,,,0.43209999799728394,,,
976,0.41499999165534973,,,0.43070000410079956,,,
977,0.42010000348091125,,,0.4307999908924103,,,
978,0.4251999855041504,,,0.4309000074863434,,,
979,0.4302999973297119,,,0.4309999942779541,,,
980,0.43540000915527344,,,0.4311000108718872,,,
981,0.43970000743865967,,,0.43149998784065247,,,
982,0.4440999925136566,,,0.4318000078201294,,,
983,0.44839999079704285,,,0.43220001459121704,,,
984,0.4526999890804291,,,0.4325999915599823,,,
985,0.45820000767707825,,,0.43529999256134033,,,
986,0.46369999647140503,,,0.43799999356269836,,,
987,0.4693000018596649,,,0.4406999945640564,,,
988,0.4747999906539917,,,0.44339999556541443,,,
989,0.4814999997615814,,,0.4440000057220459,,,
990,0.48829999566078186,,,0.44449999928474426,,,
991,0.4950000047683716,,,0.44510000944137573,,,
992,0.501800000667572,,,0.4456000030040741,,,
993,0.5073000192642212,,,0.4478999972343445,,,
994,0.5127000212669373,,,0.45010000467300415,,,
995,0.5181999802589417,,,0.45239999890327454,,,
996,0.5236999988555908,,,0.4546999931335449,,,
997,0.5299000144004822,,,0.45969998836517334,,,
998,0.5361999869346619,,,0.46470001339912415,,,
999,0.5424000024795532,,,0.46970000863075256,,,
1000,0.5486000180244446,,,0.4747999906539917,,,
1001,0.5587000250816345,,,0.4779999852180481,,,
1002,0.5687999725341797,,,0.4812999963760376,,,
1003,0.5788999795913696,,,0.484499990940094,,,
1004,0.5889999866485596,,,0.4878000020980835,,,
1005,0.5983999967575073,,,0.49230000376701355,,,
1006,0.607699990272522,,,0.4968000054359436,,,
1007,0.6171000003814697,,,0.5012000203132629,,,
1008,0.6263999938964844,,,0.5056999921798706,,,
1009,0.6351000070571899,,,0.5091999769210815,,,
1010,0.6437000036239624,,,0.5127000212669373,,,
1011,0.652400016784668,,,0.5162000060081482,,,
1012,0.6610000133514404,,,0.5196999907493591,,,
1013,0.670799970626831,,,0.5246999859809875,,,
1014,0.6804999709129333,,,0.529699981212616,,,
1015,0.6902999877929688,,,0.5346999764442444,,,
1016,0.699999988079071,,,0.5396999716758728,,,
1017,0.710099995136261,,,0.5450999736785889,,,
1018,0.7202000021934509,,,0.5504999756813049,,,
1019,0.7301999926567078,,,0.555899977684021,,,
1020,0.7402999997138977,,,0.5613999962806702,,,
1021,0.7519000172615051,,,0.5676000118255615,,,
1022,0.7634000182151794,,,0.5738000273704529,,,
1023,0.7749999761581421,,,0.5800999999046326,,,
1024,0.7864999771118164,,,0.5863000154495239,,,
1025,0.7993000149726868,,,0.5920000076293945,,,
1026,0.8119999766349792,,,0.5976999998092651,,,
1027,0.8248000144958496,,,0.6035000085830688,,,
1028,0.8374999761581421,,,0.6092000007629395,,,
1029,0.8463000059127808,,,0.6177999973297119,,,
1030,0.8551999926567078,,,0.6265000104904175,,,
1031,0.8640000224113464,,,0.6351000070571899,,,
1032,0.8727999925613403,,,0.6438000202178955,,,
1033,0.883400022983551,,,0.6534000039100647,,,
1034,0.8939999938011169,,,0.6629999876022339,,,
1035,0.9046000242233276,,,0.6725000143051147,,,
1036,0.9151999950408936,,,0.6820999979972839,,,
1037,0.9259999990463257,,,0.6922000050544739,,,
1038,0.9368000030517578,,,0.7024000287055969,,,
1039,0.9476000070571899,,,0.7124999761581421,,,
1040,0.9584000110626221,,,0.722599983215332,,,
1041,0.9688000082969666,,,0.7300000190734863,,,
1042,0.979200005531311,,,0.7373999953269958,,,
1043,0.9896000027656555,,,0.7447999715805054,,,
1044,1.0,,,0.7522000074386597,,,
1045,0.9955999851226807,,,0.7597000002861023,,,
1046,0.9911999702453613,,,0.7671999931335449,,,
1047,0.9868000149726868,,,0.7748000025749207,,,
1048,0.9825000166893005,,,0.7822999954223633,,,
1049,0.9835000038146973,,,0.7943999767303467,,,
1050,0.9846000075340271,,,0.8065000176429749,,,
1051,0.9855999946594238,,,0.8185999989509583,,,
1052,0.9866999983787537,,,0.8306999802589417,,,
1053,0.9872999787330627,,,0.8431000113487244,,,
1054,0.9878000020980835,,,0.8555999994277954,,,
1055,0.9883999824523926,,,0.8679999709129333,,,
1056,0.9889000058174133,,,0.8805000185966492,,,
1057,0.9879000186920166,,,0.8834999799728394,,,
1058,0.9868000149726868,,,0.8865000009536743,,,
1059,0.9857000112533569,,,0.8895000219345093,,,
1060,0.9846000075340271,,,0.8924999833106995,,,
1061,0.9812999963760376,,,0.9018999934196472,,,
1062,0.9779999852180481,,,0.911300003528595,,,
1063,0.9746999740600586,,,0.9207000136375427,,,
1064,0.9713000059127808,,,0.9301000237464905,,,
1065,0.9684000015258789,,,0.9387000203132629,,,
1066,0.965499997138977,,,0.9473000168800354,,,
1067,0.9625999927520752,,,0.9559999704360962,,,
1068,0.9595999717712402,,,0.9646000266075134,,,
1069,0.9526000022888184,,,0.9678999781608582,,,
1070,0.9455000162124634,,,0.9710999727249146,,,
1071,0.9384999871253967,,,0.974399983882904,,,
1072,0.9314000010490417,,,0.9775999784469604,,,
1073,0.9314000010490417,,,0.9832000136375427,,,
1074,0.9314000010490417,,,0.9887999892234802,,,
1075,0.9314000010490417,,,0.9944000244140625,,,
1076,0.9314000010490417,,,1.0,,,
1077,0.9287999868392944,,,0.9961000084877014,,,
1078,0.9261999726295471,,,0.9922000169754028,,,
1079,0.9236000180244446,,,0.9882000088691711,,,
1080,0.9210000038146973,,,0.9843000173568726,,,
1081,0.9174000024795532,,,0.9797000288963318,,,
1082,0.9138000011444092,,,0.9750999808311462,,,
1083,0.910099983215332,,,0.9704999923706055,,,
1084,0.906499981880188,,,0.9659000039100647,,,
1085,0.9065999984741211,,,0.9603000283241272,,,
1086,0.9067999720573425,,,0.954800009727478,,,
1087,0.9068999886512756,,,0.9491999745368958,,,
1088,0.9070000052452087,,,0.9437000155448914,,,
1089,0.9083999991416931,,,0.9363999962806702,,,
1090,0.9097999930381775,,,0.9291999936103821,,,
1091,0.9110999703407288,,,0.9218999743461609,,,
1092,0.9125000238418579,,,0.9146999716758728,,,
1093,0.9110999703407288,,,0.9023000001907349,,,
1094,0.9097999930381775,,,0.8899999856948853,,,
1095,0.9083999991416931,,,0.8776999711990356,,,
1096,0.9070000052452087,,,0.8654000163078308,,,
1097,0.9075000286102295,,,0.8593999743461609,,,
1098,0.9081000089645386,,,0.8533999919891357,,,
1099,0.9085999727249146,,,0.8474000096321106,,,
1100,0.9090999960899353,,,0.8414999842643738,,,
1101,0.916700005531311,,,0.8335000276565552,,,
1102,0.9243000149726868,,,0.8255000114440918,,,
1103,0.9319000244140625,,,0.8174999952316284,,,
1104,0.9395999908447266,,,0.809499979019165,,,
1105,0.9444000124931335,,,0.807200014591217,,,
1106,0.9491999745368958,,,0.8048999905586243,,,
1107,0.9541000127792358,,,0.8025000095367432,,,
1108,0.958899974822998,,,0.8001999855041504,,,
1109,0.9629999995231628,,,0.7940999865531921,,,
1110,0.9670000076293945,,,0.7878999710083008,,,
1111,0.9710999727249146,,,0.7817000150680542,,,
1112,0.9750999808311462,,,0.775600016117096,,,
1113,0.979200005531311,,,0.7738999724388123,,,
1114,0.9832000136375427,,,0.7723000049591064,,,
1115,0.9872000217437744,,,0.7706999778747559,,,
1116,0.9911999702453613,,,0.7689999938011169,,,
1117,0.9918000102043152,,,0.7681999802589417,,,
1118,0.9922999739646912,,,0.7674999833106995,,,
1119,0.9927999973297119,,,0.766700029373169,,,
1120,0.9933000206947327,,,0.7659000158309937,,,
1121,0.993399977684021,,,0.7684000134468079,,,
1122,0.9934999942779541,,,0.7710000276565552,,,
1123,0.9934999942779541,,,0.7735000252723694,,,
1124,0.9936000108718872,,,0.7760000228881836,,,
1125,0.9909999966621399,,,0.7786999940872192,,,
1126,0.9883000254631042,,,0.7813000082969666,,,
1127,0.9857000112533569,,,0.7839999794960022,,,
1128,0.9830999970436096,,,0.7865999937057495,,,
1129,0.9722999930381775,,,0.7894999980926514,,,
1130,0.9614999890327454,,,0.7924000024795532,,,
1131,0.9506999850273132,,,0.795199990272522,,,
1132,0.9398999810218811,,,0.7980999946594238,,,
1133,0.9244999885559082,,,0.8011999726295471,,,
1134,0.9092000126838684,,,0.8041999936103821,,,
1135,0.8938000202178955,,,0.807200014591217,,,
1136,0.8784999847412109,,,0.8102999925613403,,,
1137,0.8636000156402588,,,0.814300000667572,,,
1138,0.8486999869346619,,,0.8184000253677368,,,
1139,0.833899974822998,,,0.8223999738693237,,,
1140,0.8190000057220459,,,0.8264999985694885,,,
1141,0.8001000285148621,,,0.8379999995231628,,,
1142,0.7813000082969666,,,0.8496000170707703,,,
1143,0.7623999714851379,,,0.8611000180244446,,,
1144,0.7436000108718872,,,0.8726000189781189,,,
1145,0.7193999886512756,,,0.8705999851226807,,,
1146,0.6952999830245972,,,0.8686000108718872,,,
1147,0.6711999773979187,,,0.866599977016449,,,
1148,0.6470999717712402,,,0.8647000193595886,,,
1149,0.626800000667572,,,0.8650000095367432,,,
1150,0.6065000295639038,,,0.8654000163078308,,,
1151,0.5861999988555908,,,0.8657000064849854,,,
1152,0.5659000277519226,,,0.8659999966621399,,,
1153,0.5415999889373779,,,0.8551999926567078,,,
1154,0.5171999931335449,,,0.8443999886512756,,,
1155,0.492900013923645,,,0.8335999846458435,,,
1156,0.4684999883174896,,,0.8227999806404114,,,
1157,0.44589999318122864,,,0.8048999905586243,,,
1158,0.42320001125335693,,,0.7870000004768372,,,
1159,0.40059998631477356,,,0.76910001039505,,,
1160,0.37790000438690186,,,0.7512000203132629,,,
1161,0.3587000072002411,,,0.7333999872207642,,,
1162,0.3395000100135803,,,0.7156000137329102,,,
1163,0.32030001282691956,,,0.6977999806404114,,,
1164,0.3010999858379364,,,0.6800000071525574,,,
1165,0.28279998898506165,,,0.6574000120162964,,,
1166,0.2644999921321869,,,0.6347000002861023,,,
1167,0.24609999358654022,,,0.6121000051498413,,,
1168,0.22779999673366547,,,0.5895000100135803,,,
1169,0.21529999375343323,,,0.5715000033378601,,,
1170,0.20280000567436218,,,0.5533999800682068,,,
1171,0.19030000269412994,,,0.5353999733924866,,,
1172,0.1777999997138977,,,0.5174000263214111,,,
1173,0.1680999994277954,,,0.5015000104904175,,,
1174,0.15839999914169312,,,0.48559999465942383,,,
1175,0.14880000054836273,,,0.46970000863075256,,,
1176,0.13910000026226044,,,0.4537999927997589,,,
1177,0.13199999928474426,,,0.44040000438690186,,,
1178,0.12489999830722809,,,0.4268999993801117,,,
1179,0.11789999902248383,,,0.41350001096725464,,,
1180,0.11079999804496765,,,0.4000999927520752,,,
1181,0.10530000180006027,,,0.38600000739097595,,,
1182,0.09989999979734421,,,0.3718999922275543,,,
1183,0.09440000355243683,,,0.3578000068664551,,,
1184,0.08900000154972076,,,0.34360000491142273,,,
1185,0.08389999717473984,,,0.32749998569488525,,,
1186,0.07890000194311142,,,0.31139999628067017,,,
1187,0.0737999975681305,,,0.2953000068664551,,,
1188,0.06870000064373016,,,0.2791000008583069,,,
1189,0.06449999660253525,,,0.2671999931335449,,,
1190,0.06030000001192093,,,0.25540000200271606,,,
1191,0.05609999969601631,,,0.2434999942779541,,,
1192,0.051899999380111694,,,0.23160000145435333,,,
1193,0.049400001764297485,,,0.22179999947547913,,,
1194,0.046799998730421066,,,0.21199999749660492,,,
1195,0.04430000111460686,,,0.2020999938249588,,,
1196,0.04170000180602074,,,0.1923000067472458,,,
1197,0.03909999877214432,,,0.1834000051021576,,,
1198,0.0364999994635582,,,0.1745000034570694,,,
1199,0.03400000184774399,,,0.1655000001192093,,,
1200,0.03139999881386757,,,0.1565999984741211,,,
1201,0.029600000008940697,,,0.15049999952316284,,,
1202,0.027899999171495438,,,0.14429999887943268,,,
1203,0.026100000366568565,,,0.13819999992847443,,,
1204,0.024399999529123306,,,0.13210000097751617,,,
1205,0.023000000044703484,,,0.12330000102519989,,,
1206,0.02160000056028366,,,0.11460000276565552,,,
1207,0.02019999921321869,,,0.10589999705553055,,,
1208,0.018799999728798866,,,0.09709999710321426,,,
1209,0.01759999990463257,,,0.09239999949932098,,,
1210,0.016499999910593033,,,0.08760000020265579,,,
1211,0.015300000086426735,,,0.08290000259876251,,,
1212,0.014100000262260437,,,0.07819999754428864,,,
1213,0.013299999758601189,,,0.07429999858140945,,,
1214,0.012400000356137753,,,0.07050000131130219,,,
1215,0.011599999852478504,,,0.06669999659061432,,,
1216,0.010700000450015068,,,0.06289999932050705,,,
1217,0.009999999776482582,,,0.05920000001788139,,,
1218,0.009399999864399433,,,0.055399999022483826,,,
1219,0.008700000122189522,,,0.05169999971985817,,,
1220,0.008100000210106373,,,0.04800000041723251,,,
1221,0.007699999958276749,,,0.04639999940991402,,,
1222,0.007400000002235174,,,0.04479999840259552,,,
1223,0.0071000000461936,,,0.04320000112056732,,,
1224,0.0066999997943639755,,,0.04149999842047691,,,
1225,0.006399999838322401,,,0.039500001817941666,,,
1226,0.006000000052154064,,,0.03759999945759773,,,
1227,0.00559999980032444,,,0.035599999129772186,,,
1228,0.0052999998442828655,,,0.03359999880194664,,,
1229,0.004999999888241291,,,0.031599998474121094,,,
1230,0.004600000102072954,,,0.029600000008940697,,,
1231,0.00430000014603138,,,0.027699999511241913,,,
1232,0.004000000189989805,,,0.025699999183416367,,,
1233,0.003700000001117587,,,0.02459999918937683,,,
1234,0.0035000001080334187,,,0.023499999195337296,,,
1235,0.0031999999191612005,,,0.02239999920129776,,,
1236,0.002899999963119626,,,0.021299999207258224,,,
1237,0.00279999990016222,,,0.019700000062584877,,,
1238,0.0026000000070780516,,,0.01810000091791153,,,
1239,0.0024999999441206455,,,0.016499999910593033,,,
